{
  "Ansi 6 Color" : {
    "Green Component" : 0.76209867000579834,
    "Blue Component" : 0.75502943992614746,
    "Red Component" : 0.34168311953544617
  },
  "Tags" : [

  ],
  "Ansi 12 Color" : {
    "Green Component" : 0.51612371206283569,
    "Blue Component" : 0.81939554214477539,
    "Red Component" : 0.30271321535110474
  },
  "Ansi 7 Color" : {
    "Green Component" : 0.9267958402633667,
    "Blue Component" : 0.90703141689300537,
    "Red Component" : 0.93589550256729126
  },
  "Draw Powerline Glyphs" : false,
  "Bold Color" : {
    "Green Component" : 1,
    "Blue Component" : 1,
    "Red Component" : 1
  },
  "Ansi 8 Color" : {
    "Green Component" : 0.33333333333333331,
    "Blue Component" : 0.33333333333333331,
    "Red Component" : 0.33333333333333331
  },
  "Ansi 9 Color" : {
    "Green Component" : 0.41274982690811157,
    "Blue Component" : 0.45136335492134094,
    "Red Component" : 1
  },
  "Ansi 4 Color" : {
    "Green Component" : 0.52402210235595703,
    "Blue Component" : 0.75472033023834229,
    "Red Component" : 0.33133840560913086
  },
  "Rows" : 25,
  "Default Bookmark" : "No",
  "Right Option Key Sends" : 0,
  "Cursor Guide Color" : {
    "Red Component" : 0.70213186740875244,
    "Color Space" : "sRGB",
    "Blue Component" : 1,
    "Alpha Component" : 0.25,
    "Green Component" : 0.9268307089805603
  },
  "Non-ASCII Anti Aliased" : true,
  "Use Bright Bold" : true,
  "Ansi 10 Color" : {
    "Green Component" : 0.82986003160476685,
    "Blue Component" : 0.57824760675430298,
    "Red Component" : 0.57832461595535278
  },
  "Ambiguous Double Width" : false,
  "Jobs to Ignore" : [
    "rlogin",
    "ssh",
    "slogin",
    "telnet"
  ],
  "Ansi 15 Color" : {
    "Green Component" : 1,
    "Blue Component" : 1,
    "Red Component" : 1
  },
  "Foreground Color" : {
    "Green Component" : 0.72920906543731689,
    "Blue Component" : 0.68274414539337158,
    "Red Component" : 0.74151039123535156
  },
  "Working Directory" : "\/Users\/kwendt",
  "Blinking Cursor" : false,
  "Disable Window Resizing" : true,
  "Sync Title" : false,
  "Prompt Before Closing 2" : false,
  "BM Growl" : true,
  "Command" : "\/opt\/homebrew\/bin\/zsh --login",
  "Description" : "Default",
  "Mouse Reporting" : true,
  "Screen" : -1,
  "Selection Color" : {
    "Green Component" : 0.1818312406539917,
    "Blue Component" : 0.20842808485031128,
    "Red Component" : 0.15135367214679718
  },
  "Columns" : 80,
  "Idle Code" : 0,
  "Ansi 13 Color" : {
    "Green Component" : 0.3333333432674408,
    "Blue Component" : 1,
    "Red Component" : 1
  },
  "Custom Command" : "Yes",
  "ASCII Anti Aliased" : true,
  "Non Ascii Font" : "Monaco 12",
  "Vertical Spacing" : 1,
  "Use Bold Font" : true,
  "Option Key Sends" : 0,
  "Selected Text Color" : {
    "Green Component" : 0.99997437000274658,
    "Blue Component" : 0.99999129772186279,
    "Red Component" : 1
  },
  "Background Color" : {
    "Green Component" : 0.13232643902301788,
    "Blue Component" : 0.13232867419719696,
    "Red Component" : 0.13233038783073425
  },
  "Character Encoding" : 4,
  "Ansi 11 Color" : {
    "Green Component" : 0.82192283868789673,
    "Blue Component" : 0.33902028203010559,
    "Red Component" : 1
  },
  "Thin Strokes" : 4,
  "Use Italic Font" : true,
  "Unlimited Scrollback" : false,
  "Keyboard Map" : {
    "f702-0x300000" : {
      "Action" : 11,
      "Text" : "0x1"
    },
    "f702-0x280000" : {
      "Action" : 10,
      "Text" : "b"
    },
    "f703-0x280000" : {
      "Action" : 10,
      "Text" : "f"
    },
    "f728-0x80000" : {
      "Action" : 10,
      "Text" : "d"
    },
    "0x7f-0x100000" : {
      "Action" : 11,
      "Text" : "0x15"
    },
    "f728-0x0" : {
      "Action" : 11,
      "Text" : "0x4"
    },
    "f703-0x300000" : {
      "Action" : 11,
      "Text" : "0x5"
    },
    "0x7f-0x80000" : {
      "Action" : 11,
      "Text" : "0x1b 0x7f"
    }
  },
  "Window Type" : 0,
  "Background Image Location" : "",
  "Blur" : false,
  "Badge Color" : {
    "Red Component" : 1,
    "Color Space" : "sRGB",
    "Blue Component" : 0,
    "Alpha Component" : 0.5,
    "Green Component" : 0.1491314172744751
  },
  "Scrollback Lines" : 5000,
  "Send Code When Idle" : false,
  "Close Sessions On End" : true,
  "Terminal Type" : "xterm-256color",
  "Visual Bell" : true,
  "Flashing Bell" : false,
  "Silence Bell" : false,
  "Session Close Undo Timeout" : 15,
  "Ansi 14 Color" : {
    "Green Component" : 0.91197335720062256,
    "Blue Component" : 0.89437371492385864,
    "Red Component" : 0.51543551683425903
  },
  "Name" : "Imported",
  "Cursor Text Color" : {
    "Green Component" : 1,
    "Blue Component" : 1,
    "Red Component" : 1
  },
  "Shortcut" : "",
  "Cursor Color" : {
    "Green Component" : 0.73333334922790527,
    "Blue Component" : 0.73333334922790527,
    "Red Component" : 0.73333334922790527
  },
  "Transparency" : 0,
  "Guid" : "9F429E53-88DA-4F20-A4BF-5DE625E8AF08",
  "Ansi 2 Color" : {
    "Green Component" : 0.65668725967407227,
    "Blue Component" : 0.39170867204666138,
    "Red Component" : 0.50491815805435181
  },
  "Custom Directory" : "No",
  "Link Color" : {
    "Red Component" : 0,
    "Color Space" : "sRGB",
    "Blue Component" : 0.73423302173614502,
    "Alpha Component" : 1,
    "Green Component" : 0.35916060209274292
  },
  "Ansi 5 Color" : {
    "Green Component" : 0.51518070697784424,
    "Blue Component" : 0.75527215003967285,
    "Red Component" : 0.75015914440155029
  },
  "Use Non-ASCII Font" : false,
  "Ansi 0 Color" : {
    "Green Component" : 0.091657593846321106,
    "Blue Component" : 0.11175892502069473,
    "Red Component" : 0.084293156862258911
  },
  "Normal Font" : "Hack-Regular 13",
  "Ansi 1 Color" : {
    "Green Component" : 0.37370467185974121,
    "Blue Component" : 0.40413051843643188,
    "Red Component" : 0.92567378282546997
  },
  "Horizontal Spacing" : 1,
  "Ansi 3 Color" : {
    "Green Component" : 0.76124393939971924,
    "Blue Component" : 0.32882121205329895,
    "Red Component" : 0.99501991271972656
  }
}